name,count
Terry,1
Tavion,1
Zack,1
Jennie,1
Lonie,1
Donnie,1
Orlo,1
Angus,1
Jillian,1
Laraine,1
Ricky,1
Lucia,1
Ricardo,1
Susie,1
Dannie,1
Lester,1
Francine,1
Joann,1
Roxie,1
Brendan,1
Gustave,1
Micaela,1
Adonis,1
Les,1
Zion,1
Percival,1
Shonna,1
Shawna,1
Marcus,1
Jesse,1
Ernesto,1
Marnie,1
Braeden,1
Katie,1
Reta,1
Shantel,1
Jacey,1
Stella,1
Lurline,1
Stewart,1
Raegan,1
Mcarthur,1
Timmie,1
Hermina,1
Quinton,1
Tatum,1
Madelynn,1
Margarett,1
Warren,1
Haley,1
Lauri,1
Virgil,1
Latoya,1
Lucero,1
Shantell,1
Alexander,1
Lila,1
Jerline,1
Ennis,1
Freeda,1
Garrick,1
Will,1
Marco,1
Lynsey,1
Gus,1
Mavis,1
Shaun,1
Gil,1
Roseann,1
Valentine,1
Truman,1
Latrice,1
Brenden,1
Hildur,1
Roni,1
Rheta,1
Sammie,1
Donna,1
Guillermo,1
Roy,1
Kallie,1
Sidney,1
Darell,1
Murry,1
Harriette,1
Suzanna,1
Jeannie,1
Kittie,1
Archie,1
Ingrid,1
Raheem,1
Luann,1
Kia,1
Mari,1
Naoma,1
Luther,1
Trevin,1
Ilene,1
Taurean,1
Tad,1
Claire,1
Simeon,1
Telly,1
Lon,1
Maci,1
Tayla,1
Verda,1
Hortense,1
Natasha,1
Leandra,1
Jocelyne,1
Christopher,1
Rolla,1
Petra,1
Rodger,1
Maeve,1
Parrish,1
Camden,1
Val,1
Iona,1
Ford,1
Kassandra,1
Marylyn,1
Halle,1
Ewell,1
Nova,1
Fred,1
Lexis,1
Lavina,1
Devyn,1
Linsey,1
Eugenio,1
Tre,1
Ima,1
Forrest,1
Devante,1
Arlan,1
Domenico,1
Todd,1
Kailee,1
Lilliam,1
Quiana,1
Westley,1
Randolph,1
Matilda,1
Maricela,1
Thora,1
Brock,1
Rosamond,1
Izora,1
Bobbie,1
Taya,1
Fatima,1
Sheri,1
Fay,1
Margery,1
Salma,1
Ronald,1
Anderson,1
Milan,1
Rex,1
Maryann,1
Marilou,1
Sawyer,1
Zita,1
Deandre,1
Fabian,1
Fredrick,1
Kristian,1
Carey,1
Jettie,1
Wilda,1
Durward,1
Wyatt,1
Samara,1
Rosevelt,1
Roslyn,1
Bud,1
Charles,1
Michael,1
Delmas,1
Florence,1
Marquez,1
Muhammad,1
Janis,1
Renea,1
Stephany,1
Tomeka,1
Tristan,1
Lambert,1
Jaqueline,1
Stevan,1
Lavinia,1
Fairy,1
Yvonne,1
Casey,1
Nadia,1
Dorsey,1
Pearline,1
Rudolph,1
Lionel,1
Braedon,1
Wayland,1
Thornton,1
Lorri,1
Darian,1
May,1
Mya,1
Davey,1
Zella,1
Nella,1
Brendon,1
Mckenzie,1
Rogelio,1
Seamus,1
Carolyn,1
Quincy,1
Geary,1
Jonathan,1
Nehemiah,1
Ursula,1
Ed,1
Mercedes,1
Arnaldo,1
Leonel,1
Darrius,1
Gaetano,1
Tremayne,1
Shawn,1
Leanne,1
Louella,1
Allyn,1
Katrina,1
Meredith,1
Jena,1
Raquel,1
Pierce,1
Georgette,1
Isobel,1
Randy,1
Kandi,1
Steven,1
Savanah,1
Karly,1
Lizzie,1
Aron,1
Stan,1
Marybelle,1
Gillian,1
Misty,1
Frieda,1
Trace,1
Fredric,1
Morton,1
Bruce,1
Selina,1
Sharon,1
Sherman,1
Lucinda,1
Windell,1
Armani,1
Lance,1
Kassidy,1
Marguerite,1
Theola,1
Brandan,1
Emanuel,1
Francis,1
Elmo,1
Jalyn,1
Tony,1
Nathanial,1
Rosemarie,1
Clem,1
Bailey,1
Kacy,1
Neva,1
Rubye,1
Erik,1
Chas,1
Mechelle,1
Hassie,1
Benedict,1
Lucila,1
Sue,1
Tyson,1
Whitney,1
Griselda,1
Jane,1
Tosha,1
Sonya,1
Collin,1
Scottie,1
Rico,1
Valerie,1
Giovanny,1
Lafayette,1
Spencer,1
Florine,1
Yvette,1
Carson,1
Greg,1
Lyda,1
Derrell,1
Sharen,1
Krysta,1
Dyllan,1
Marjory,1
Krystal,1
Aldo,1
Ocie,1
Emmitt,1
Tena,1
Loran,1
Misti,1
Scarlett,1
Pearl,1
Kyla,1
Eloy,1
Sabina,1
Mae,1
Mittie,1
Devonta,1
Zackery,1
Darron,1
Shay,1
Nichol,1
Robb,1
Marceline,1
Carlton,1
Susana,1
Cade,1
Katlyn,1
Alden,1
Demarcus,1
Icie,1
Lakisha,1
Tonya,1
Sylvester,1
Errol,1
Felton,1
Patti,1
Richie,1
Makenzie,1
Madison,1
Earl,1
Linnie,1
Elbert,1
Mateo,1
Gust,1
Louvenia,1
Khadijah,1
Sage,1
Rebeca,1
Shalonda,1
Zelma,1
Kaci,1
Christina,1
Silvia,1
Shaylee,1
Geralyn,1
Jessi,1
Lillie,1
Tavian,1
Treyvon,1
Joellen,1
Tremaine,1
Clyde,1
Kelli,1
Quinten,1
Tatianna,1
Branson,1
Mearl,1
Tanisha,1
Nina,1
Aloysius,1
Izetta,1
Zoie,1
Arno,1
Bennie,1
Burton,1
Alek,1
Leamon,1
Artis,1
Najee,1
Gabriela,1
Kyleigh,1
Avery,1
Raoul,1
Auston,1
Giancarlo,1
Arch,1
Mahlon,1
Melissa,1
Kellie,1
Mia,1
Stoney,1
Mckinley,1
Jolene,1
Gilda,1
Romona,1
Eddy,1
Mauricio,1
Waldemar,1
Henrietta,1
Rylie,1
Rossie,1
Rohan,1
Vena,1
Fabiola,1
Deric,1
Vincenza,1
Lucian,1
Novella,1
Tamera,1
Milford,1
Haleigh,1
Turner,1
Mozell,1
Nicola,1
Mohamed,1
Kami,1
Kimberley,1
Elmore,1
Smith,1
Hayden,1
Jasmyn,1
Cristobal,1
Norman,1
Yadira,1
Lelia,1
Noble,1
Ridge,1
Armond,1
Erich,1
Luella,1
Domenick,1
Vanesa,1
Tia,1
Camron,1
Tasia,1
Ellsworth,1
Lori,1
Ottilie,1
Paulina,1
Rosaline,1
Damion,1
Tana,1
Alton,1
Stacie,1
Wendi,1
Olen,1
Tangela,1
Josefina,1
Shayla,1
Abraham,1
Freddy,1
Elias,1
Dustin,1
Darrel,1
Leila,1
Gale,1
Gianni,1
Ingeborg,1
Ahmed,1
Juliana,1
Francesco,1
Omayra,1
Giselle,1
Jaclyn,1
Sharonda,1
Quintin,1
Josette,1
Anthony,1
Baron,1
Melvin,1
Nelida,1
Dashawn,1
Bradly,1
Walker,1
Everett,1
Vallie,1
Deborah,1
Tyquan,1
Hilma,1
Lenard,1
Weldon,1
Andre,1
Dominque,1
Jason,1
Virgilio,1
Joseph,1
Roger,1
Jasmin,1
Nakia,1
Frances,1
Levar,1
Delbert,1
Mabelle,1
Welton,1
Tristian,1
Mona,1
Nanette,1
Marylin,1
Rafael,1
Sydni,1
Lemuel,1
Imogene,1
Deven,1
Vanessa,1
Sunny,1
Melton,1
Otto,1
Martina,1
Mitzi,1
Jade,1
Boyce,1
Nikole,1
Melanie,1
Mable,1
Yajaira,1
Penni,1
Tessa,1
Braden,1
Neta,1
Penny,1
Ardell,1
Larue,1
Loriann,1
Melville,1
Tabatha,1
Thelma,1
Mariann,1
Gerhard,1
Hedwig,1
Alvie,1
Silas,1
Willis,1
Earle,1
Pattie,1
Tod,1
Mikayla,1
Jonna,1
Frida,1
Andy,1
Octavia,1
Ines,1
Kylie,1
Demarco,1
Jacalyn,1
Delvin,1
Sam,1
Alvis,1
Jenny,1
Demetris,1
Lacy,1
Vernice,1
Jeana,1
Natosha,1
Tamra,1
Deontae,1
Unique,1
Lupe,1
Jack,1
Nelda,1
Kayleigh,1
Marci,1
Maia,1
Sharron,1
Julianne,1
Betty,1
Mathias,1
Dameon,1
Dominick,1
Prudence,1
Lorin,1
Joe,1
Josephine,1
Matthew,1
Lida,1
Juanita,1
Sonja,1
Orpha,1
Rick,1
Layne,1
Shea,1
Terese,1
Katlynn,1
Julie,1
Ty,1
Lora,1
Jensen,1
Cedric,1
Isabelle,1
Madonna,1
Isabella,1
Rich,1
Waino,1
Angelo,1
Brennon,1
Stanford,1
Wayne,1
Marcelino,1
Kenna,1
Freida,1
Lavonne,1
Patience,1
Rosa,1
Savanna,1
Hertha,1
Phillis,1
Graham,1
Margo,1
Miracle,1
Stephen,1
Boris,1
Glen,1
Jan,1
Xiomara,1
Arnulfo,1
Elza,1
Shanda,1
Coleman,1
Emory,1
Federico,1
Vinnie,1
Arvin,1
Paris,1
Krystle,1
Radames,1
Rose,1
Ressie,1
Shayne,1
Marianne,1
Sabrina,1
Trey,1
Tanika,1
Devon,1
Lannie,1
Erwin,1
Doug,1
Murphy,1
Pershing,1
Karren,1
Kate,1
Tyra,1
Reynold,1
Matilde,1
Lavera,1
Shawanda,1
Regis,1
Sandra,1
Mina,1
Shannan,1
Oscar,1
Rebecca,1
Sheree,1
Leo,1
Norberto,1
Wilhelm,1
Treva,1
Major,1
Marcelle,1
Chadd,1
Katarina,1
Kenzie,1
Rosita,1
Lyndsay,1
Kelsie,1
Arlin,1
Genaro,1
Dillion,1
Cleon,1
Winston,1
Roxanna,1
Xavier,1
Preston,1
Katy,1
Latrell,1
Ephraim,1
Sienna,1
Winnie,1
Lane,1
Porfirio,1
Hillary,1
Vidal,1
Tera,1
Harold,1
Janell,1
Clint,1
Brandon,1
Lexi,1
Karri,1
Mariah,1
Robyn,1
Wanda,1
Leora,1
William,1
Dedric,1
Macie,1
Dwight,1
Itzel,1
Kaitlin,1
Winford,1
Mohammed,1
Julianna,1
Bryce,1
Kyara,1
Margot,1
Tisha,1
Katelynn,1
Riley,1
Olive,1
Providenci,1
Vonnie,1
Maryjo,1
Stetson,1
Willia,1
Pink,1
Lanette,1
Roderick,1
Aric,1
Meyer,1
Gwendolyn,1
Laurie,1
Rhonda,1
Katheryn,1
Tamala,1
Roman,1
Viva,1
Niko,1
Ezequiel,1
Jazmine,1
Shasta,1
Lashanda,1
Leah,1
Venus,1
Jerri,1
Manuel,1
Myriam,1
Bennett,1
Torrance,1
Lina,1
Hester,1
Madyson,1
Bret,1
Renita,1
Susann,1
Tiana,1
Janice,1
Vergil,1
Everette,1
Abel,1
Denzel,1
Edsel,1
Wally,1
Devin,1
Maryanne,1
Wardell,1
Jerrie,1
Desmond,1
Tawnya,1
Rolando,1
Linda,1
Cale,1
Casimir,1
Bonnie,1
Alex,1
Stasia,1
Kathaleen,1
Alfonso,1
Yoshiko,1
Rob,1
Jacquline,1
Kelsi,1
Shaniya,1
Yetta,1
Farrah,1
Greta,1
Pamela,1
Dickie,1
Maye,1
Vester,1
Nicholas,1
Marlon,1
Miller,1
Emmit,1
Mireya,1
Shelby,1
Adan,1
Magdalene,1
Madeline,1
Janet,1
Priscilla,1
Al,1
Alonza,1
Von,1
Hattie,1
Rachael,1
Ray,1
Vella,1
Louise,1
Ottis,1
Alonso,1
Shaquille,1
Montana,1
Doris,1
Arlen,1
Kamryn,1
Benito,1
Amado,1
Braydon,1
Lettie,1
Elliot,1
Gunnar,1
Waymon,1
Glynis,1
Keisha,1
Georgina,1
Harriett,1
Leta,1
Branden,1
Lavon,1
Liam,1
Reanna,1
Gustav,1
Goldie,1
Rona,1
Letha,1
Tyrone,1
Lorie,1
Terrell,1
Maritza,1
Dillard,1
George,1
Oliver,1
Maegan,1
Merton,1
Normand,1
Lizeth,1
Lorraine,1
Monica,1
Verlie,1
Ervin,1
Fonda,1
Lyndon,1
Clayton,1
Judith,1
Gabriella,1
Morgan,1
Shyla,1
Aaron,1
Wilbert,1
Grace,1
Newton,1
Daron,1
Norval,1
Armando,1
Loma,1
Lucius,1
Stephon,1
Kimberli,1
Bryan,1
Terri,1
Mario,1
Nels,1
Sigrid,1
Dave,1
Gennaro,1
Maureen,1
Reba,1
Laverna,1
Stephania,1
Britt,1
Rosalinda,1
Hali,1
Timothy,1
Dale,1
Bruno,1
Tyron,1
Edwardo,1
Odessa,1
Ophelia,1
Ezra,1
Debra,1
Roscoe,1
Sheldon,1
Sven,1
Luisa,1
Libbie,1
Florrie,1
Darrion,1
Violette,1
Ione,1
Tayler,1
Travon,1
Tyler,1
Zena,1
Lucy,1
Kyra,1
Orville,1
Luciano,1
Walton,1
Lynne,1
Tarsha,1
Owen,1
Ramiro,1
Merl,1
Leola,1
Tamatha,1
Alva,1
Susanna,1
Robbin,1
Lindsay,1
Darrell,1
Deondre,1
Ryne,1
Mara,1
Luana,1
Arthur,1
Haven,1
Kelley,1
Byron,1
Norine,1
Jeanie,1
Rubin,1
Antwon,1
Madelyn,1
Cornelius,1
Gay,1
Tiffanie,1
Evert,1
Kourtney,1
Roselyn,1
Tawana,1
Clarance,1
Kathie,1
Lizette,1
Ron,1
Ariel,1
Makenna,1
Shameka,1
Lizbeth,1
Gabe,1
Torrey,1
Shelton,1
Pat,1
Ossie,1
Brayden,1
Lennie,1
Sim,1
Torey,1
Justin,1
Dewayne,1
Maryellen,1
Mozelle,1
Sharlene,1
Dewitt,1
Frankie,1
Carroll,1
Mazie,1
Barney,1
Rollin,1
Ansel,1
Nigel,1
Irma,1
Herminia,1
Leisa,1
Tito,1
Suzette,1
Mallie,1
Furman,1
Lucretia,1
Marta,1
Brice,1
Eliseo,1
Renae,1
Rosia,1
Stephenie,1
Rosalia,1
Noel,1
Bradley,1
Dorman,1
Sydnie,1
Helen,1
Latonia,1
Hannah,1
Manley,1
Karen,1
Kaylie,1
Lyla,1
Elwyn,1
Lonny,1
Isabel,1
Phoenix,1
Veda,1
Adalberto,1
Willie,1
Eldridge,1
Mackenzie,1
Cloyd,1
Tommy,1
Lorine,1
Fidel,1
Derrick,1
Ruby,1
Shon,1
Taj,1
Darin,1
Madge,1
Margarette,1
Oral,1
Wendell,1
Mariela,1
Beryl,1
Judy,1
Tyreese,1
Katerina,1
Myranda,1
Zaria,1
Nanci,1
Damien,1
Shirlene,1
Kayli,1
Ryan,1
Joanna,1
Merlene,1
Hildred,1
Reese,1
Tomasa,1
Laurence,1
Andres,1
Modesta,1
Ova,1
Simon,1
Arlis,1
Meranda,1
Vida,1
Leonor,1
Yasmeen,1
Austyn,1
Liza,1
Eino,1
Shanon,1
Inga,1
Sherry,1
Jeannine,1
Juliann,1
Kathi,1
Andra,1
Tobias,1
Godfrey,1
Elijah,1
Jeanne,1
Rylee,1
Joanie,1
Lula,1
Isabell,1
Ivette,1
Alvaro,1
Nancy,1
Karolyn,1
James,1
Holly,1
Julia,1
Tierra,1
Uriah,1
Jammie,1
Abdullah,1
Polly,1
Modesto,1
Bradford,1
Kristy,1
Luna,1
Lauretta,1
Don,1
Terence,1
Zina,1
Porsha,1
Alberto,1
Marcellus,1
Lou,1
Lucas,1
Gayle,1
Valencia,1
Chris,1
Shirley,1
Derek,1
Dequan,1
Buck,1
Gonzalo,1
Penelope,1
Jannette,1
Floy,1
Kennedi,1
Storm,1
Enos,1
Lorenza,1
Robby,1
Aubrey,1
Lanny,1
Alexandro,1
Napoleon,1
Osborne,1
Damon,1
Shyanne,1
Nat,1
Clemens,1
Talia,1
Geneva,1
Jackeline,1
Jaylene,1
Chadrick,1
Arden,1
Shad,1
Leda,1
Lela,1
Kaycee,1
Nayeli,1
Pablo,1
Denver,1
Emmet,1
Buddy,1
Mason,1
Rolland,1
Fern,1
Una,1
Bryant,1
Celestino,1
Clair,1
Cyril,1
Wilma,1
Shane,1
Niki,1
Narciso,1
Marissa,1
Harriet,1
Gianna,1
Jacquelin,1
Kailey,1
Kacey,1
Norma,1
Jacklyn,1
Enrico,1
Lorenzo,1
Marianna,1
Maude,1
Dwane,1
Zelda,1
Rayshawn,1
Lloyd,1
Willow,1
Christion,1
Pilar,1
Brannon,1
Lorena,1
Rene,1
Naomi,1
Lisa,1
Odell,1
Caden,1
Sibyl,1
Larry,1
Henriette,1
Einar,1
Lenny,1
Burley,1
Sammy,1
Jenifer,1
Mariano,1
Sharyn,1
Lexie,1
Melody,1
Chip,1
Daquan,1
Rosalyn,1
Forest,1
Rosella,1
Gearldine,1
Tara,1
Ludie,1
Kaelyn,1
Ferne,1
Winifred,1
Darion,1
Rayna,1
Andrew,1
Jordyn,1
Pierre,1
Roosevelt,1
Vicente,1
Ernest,1
Thyra,1
Marley,1
Adelbert,1
Winton,1
Leticia,1
Nasir,1
Franklin,1
Lillian,1
Katlin,1
Kesha,1
Giles,1
Michale,1
Lawerence,1
Adolfo,1
Audrey,1
Rory,1
Georgiana,1
Maudie,1
Norris,1
Daryl,1
Lesley,1
Lue,1
Luis,1
Nilda,1
Richard,1
Cicero,1
Tracie,1
Corey,1
Dalton,1
Glenna,1
Ladonna,1
Lorenz,1
Gilbert,1
Cayden,1
Leonardo,1
Zaida,1
Okey,1
Jaelyn,1
Dee,1
Megan,1
Yesenia,1
Marcella,1
Winfield,1
Felix,1
Jazlyn,1
Gregory,1
Lakeisha,1
Brandyn,1
Tillie,1
Gearld,1
Primitivo,1
Sophia,1
Mickie,1
Hildegard,1
Malik,1
Cassidy,1
Reuben,1
Lilyan,1
Buster,1
Vicky,1
Gabrielle,1
Darold,1
Kelsea,1
Marisa,1
Norah,1
Rudolf,1
Verla,1
Kayla,1
Blake,1
Rodrick,1
Lukas,1
Tressie,1
Clark,1
Lynn,1
Jazmin,1
Kristina,1
Lily,1
Martha,1
Dallin,1
Rexford,1
Demond,1
Shania,1
Rhett,1
Newell,1
Virgie,1
Giovanni,1
Frank,1
Duane,1
Ivy,1
Genoveva,1
Santiago,1
Ellwood,1
Sydnee,1
Noah,1
Alexandre,1
Felipe,1
Tawanna,1
Renata,1
Elvin,1
Presley,1
Rhoda,1
Alonzo,1
Osvaldo,1
Stacey,1
Vickey,1
Colby,1
Triston,1
Denny,1
Cyrus,1
Newman,1
Rhianna,1
Mckayla,1
Scot,1
Malinda,1
Wendy,1
Florentino,1
Hildegarde,1
Maura,1
Mirta,1
Nola,1
Maximillian,1
Luanne,1
Shani,1
Gunner,1
Rodney,1
Lynette,1
Florencio,1
Mary,1
Gudrun,1
Zoraida,1
Jayden,1
Ellis,1
Luz,1
Hazle,1
Karan,1
Dick,1
Lee,1
Lawrence,1
Williams,1
Sasha,1
Ulises,1
Brody,1
Cordell,1
Myrl,1
Ezell,1
Franchesca,1
Gwen,1
Marion,1
Tyreek,1
Krista,1
Rolanda,1
Eldred,1
Peggy,1
Tawanda,1
Nashaly,1
Demetrius,1
Sherwood,1
Madilyn,1
Deron,1
Norton,1
Maybell,1
Brain,1
Dexter,1
Lowell,1
Felecia,1
Danny,1
Dorothy,1
Estevan,1
Nolan,1
Mathilde,1
Wylie,1
Rozella,1
Norbert,1
Carlo,1
Frederic,1
Sylvan,1
Nathan,1
Darby,1
Joyce,1
Orlando,1
Lynnette,1
Deon,1
Latosha,1
Star,1
Luetta,1
Verna,1
Misael,1
Clare,1
Bernhard,1
Drew,1
Felicia,1
Lexus,1
Nestor,1
India,1
Thalia,1
Mindi,1
Reece,1
Ransom,1
Colten,1
Lois,1
Price,1
Ruthe,1
Lonna,1
Vickie,1
Evans,1
Kristan,1
Mckenna,1
Marie,1
Marilyn,1
Mel,1
Shelbi,1
Kris,1
Abe,1
Allie,1
Victoria,1
Tenisha,1
Margret,1
Kalie,1
Randall,1
Marietta,1
Lavada,1
Roxann,1
Darryl,1
Taryn,1
Carnell,1
Henry,1
Tea,1
Jerry,1
Jeri,1
Kattie,1
Maximo,1
Antonia,1
Kianna,1
Kristal,1
Antonio,1
Beverly,1
Neftali,1
Rudy,1
Keila,1
Millicent,1
Eli,1
Nico,1
Ottie,1
Ouida,1
Elzie,1
Iva,1
Elton,1
Amador,1
Simone,1
Richmond,1
Tamika,1
Olivia,1
Lyric,1
Rebekah,1
Donny,1
Nathen,1
Wilson,1
Nunzio,1
Gracie,1
Dayton,1
Iesha,1
Jill,1
Neil,1
Lashonda,1
Hortensia,1
Janine,1
Ulysses,1
Aurelio,1
Kitty,1
Nikhil,1
Lenora,1
Nell,1
Randi,1
Arcadio,1
Hulda,1
Hettie,1
Mayra,1
Ari,1
Rolf,1
Myrtie,1
Shanika,1
Terrence,1
Jeannette,1
Jalisa,1
Lilian,1
Vera,1
Hallie,1
Raleigh,1
Timmothy,1
Theodora,1
Nancie,1
Tomas,1
Monique,1
Sade,1
German,1
Georgianna,1
Kali,1
Layla,1
Lidia,1
Zula,1
Gino,1
Ruthann,1
Bernard,1
Willy,1
Maximilian,1
Rigoberto,1
Nathalie,1
Roseanne,1
Amanda,1
Cesar,1
Flossie,1
Emery,1
Reynaldo,1
Josie,1
Griffin,1
Sonia,1
Toya,1
Santina,1
Kaley,1
Kiera,1
Signe,1
Ryleigh,1
Nicole,1
Levi,1
Rocco,1
Juana,1
Murl,1
Reyes,1
Wilfrid,1
Tressa,1
Davy,1
Palmer,1
Candido,1
Tori,1
Brad,1
Cecil,1
Kaylah,1
Nereida,1
Myles,1
Reinhold,1
Missouri,1
Lola,1
Dylon,1
Lamar,1
Tahj,1
Malissa,1
Tarah,1
Clifton,1
Estel,1
Rusty,1
Katelin,1
Sadie,1
Blair,1
Windy,1
Christoper,1
Elden,1
Iliana,1
Raekwon,1
Trisha,1
Orie,1
Marlena,1
Roxana,1
Myrna,1
Allison,1
Waleska,1
Janay,1
Reno,1
Mandy,1
Lorna,1
Jean,1
Galen,1
Rocio,1
Tamie,1
Lacie,1
Trevon,1
Jovita,1
Granville,1
Malia,1
Mitchell,1
Leslie,1
Manuela,1
Russell,1
Tessie,1
Millie,1
Omer,1
Iris,1
Michel,1
Kasey,1
Hazel,1
Christian,1
Ean,1
Booker,1
Lesia,1
Shanita,1
Tim,1
Kinsey,1
Florian,1
Winnifred,1
Ollie,1
Cletus,1
Brandt,1
Calvin,1
Derik,1
Russ,1
Idell,1
Brook,1
Marvin,1
Meryl,1
Nora,1
Vita,1
Lempi,1
Katelyn,1
Timmy,1
Trinity,1
Darnell,1
Ralph,1
Macy,1
Norene,1
Sadye,1
Dakota,1
Rosalee,1
Kara,1
Krystina,1
Tammie,1
Shari,1
Pamella,1
Gerda,1
Laurine,1
Darius,1
Robin,1
Wellington,1
Elliott,1
Francisco,1
General,1
Markell,1
Ora,1
Kimberly,1
Davion,1
Guadalupe,1
Trevion,1
Ona,1
Schuyler,1
Michaela,1
Arron,1
Gerry,1
Jayda,1
Gretchen,1
Oda,1
Delmar,1
Selena,1
Adelard,1
Cleveland,1
Darien,1
Clement,1
Steve,1
Mertie,1
Donn,1
Matt,1
Nicky,1
Holli,1
Zoila,1
Chester,1
Shelbie,1
Ernie,1
Luvenia,1
Shanna,1
Verl,1
Wesley,1
Kristin,1
Delton,1
Meda,1
Maxine,1
Stacy,1
Sky,1
Lura,1
Kaylyn,1
Kirstie,1
Tasha,1
Migdalia,1
Romaine,1
Myah,1
Gabriel,1
Zachariah,1
Sherri,1
Kristine,1
Latanya,1
Hunter,1
Karli,1
Latonya,1
Royal,1
Jeanine,1
Rueben,1
Deane,1
Austin,1
Kristyn,1
Keshia,1
Kierra,1
Artie,1
Garland,1
Rodrigo,1
Otilia,1
Bill,1
Marcel,1
Myra,1
Suzan,1
Roberto,1
Carol,1
Noelle,1
Ethan,1
Willene,1
Ernst,1
Maggie,1
Albert,1
Cris,1
Rosario,1
Landen,1
Samson,1
Tabitha,1
Charlie,1
Vinson,1
Margaret,1
Coty,1
Darrick,1
Reed,1
Johnna,1
Austen,1
Christop,1
Garret,1
Graciela,1
Duke,1
Ila,1
Melinda,1
Mimi,1
Antone,1
Ambrose,1
Inez,1
Valeria,1
Iola,1
Constantin,1
Theodore,1
Ginny,1
Paxton,1
Nikolas,1
Devonte,1
Kaylynn,1
Zachary,1
Clay,1
Edison,1
Herta,1
Denis,1
Boyd,1
Percy,1
Saul,1
Tamela,1
Sherrill,1
Cleo,1
Gussie,1
Kimberlee,1
Salvatore,1
Foy,1
Starr,1
Burdette,1
Royce,1
Ricki,1
Karlene,1
Christ,1
Raul,1
Mafalda,1
Dorian,1
Barry,1
Germaine,1
Gloria,1
Randel,1
Kandice,1
Susanne,1
Augustine,1
Monserrate,1
Ozella,1
Paula,1
Rochelle,1
Saige,1
Blaise,1
Terra,1
Angela,1
Marybeth,1
Sudie,1
Infant,1
Tariq,1
Marlo,1
Kari,1
Sara,1
Karina,1
Asa,1
Brycen,1
Edgar,1
Gerri,1
David,1
Louis,1
Mikala,1
Trenton,1
Alvin,1
Tyshawn,1
Roel,1
Imani,1
Marla,1
Loyce,1
Gaye,1
Ladarius,1
Coy,1
Lynda,1
Donte,1
Idella,1
Sterling,1
Tomika,1
Deion,1
Freeman,1
Ted,1
Jadyn,1
Theo,1
Anibal,1
Chandler,1
Teressa,1
Antony,1
Michell,1
Haydee,1
Stephani,1
Velva,1
Lyman,1
Thurman,1
Sheryl,1
Brennan,1
Leopold,1
Olga,1
Len,1
Sierra,1
Geoffrey,1
Faustino,1
Tameka,1
Dwayne,1
Sid,1
Dario,1
Felisha,1
Wilfred,1
Vernon,1
Maribel,1
Odie,1
Genevieve,1
Samantha,1
Myrtis,1
Waneta,1
Lyndsey,1
Ivah,1
Leon,1
Santana,1
Sumner,1
Mervyn,1
Izabella,1
Tracey,1
Kenneth,1
Douglas,1
Shannon,1
Juli,1
Ashton,1
Cooper,1
Marshal,1
Finis,1
Malique,1
Oralia,1
Rowan,1
Oran,1
Antione,1
Maxie,1
Victor,1
Jakayla,1
Minna,1
Tamia,1
Curtiss,1
Axel,1
Ben,1
Jesica,1
Jami,1
Sandi,1
Meg,1
Matteo,1
Lolita,1
Akeem,1
Arvel,1
Donavon,1
Benton,1
Jannie,1
Tyrell,1
Lesli,1
Loni,1
Sheila,1
Chuck,1
Duwayne,1
Rosanna,1
Zoey,1
Marlys,1
June,1
Carmen,1
Easton,1
Rilla,1
Tennille,1
Freddie,1
Floyd,1
Irene,1
Syble,1
Watson,1
Viola,1
Donald,1
Micah,1
Seymour,1
Roxane,1
Serina,1
Carrol,1
Fleta,1
Edgardo,1
Johnnie,1
Arnold,1
Eduardo,1
Brent,1
Nathanael,1
Adrian,1
Mohammad,1
Blaine,1
Elgin,1
Noe,1
Louie,1
Rahul,1
Kira,1
Louann,1
Lorene,1
Tina,1
Kirsten,1
Versie,1
Mossie,1
Cory,1
Farrell,1
Vince,1
Albin,1
Flora,1
Linnea,1
Kendall,1
Faron,1
Randle,1
Arne,1
Melodie,1
Phil,1
Janessa,1
Jesusa,1
Cristian,1
Theadore,1
Jocelyn,1
Goldia,1
Rayburn,1
Pam,1
Wheeler,1
Rayford,1
Roma,1
Agustin,1
Lindy,1
Gisselle,1
Evan,1
Walter,1
Emil,1
Janelle,1
Muriel,1
Alford,1
Brant,1
Tresa,1
Burt,1
Tyrik,1
Serena,1
Lucious,1
Bertrand,1
Margit,1
Derwin,1
Venita,1
Pauline,1
Melvyn,1
Isamar,1
Ivory,1
Robert,1
Whitley,1
Chauncey,1
Marquita,1
Omari,1
Kerri,1
Sanford,1
Geraldo,1
Wilhelmina,1
Taylor,1
Loretta,1
Missy,1
Kala,1
Teena,1
Vina,1
Perry,1
Dandre,1
Demario,1
Theresa,1
Foster,1
Moses,1
Myrtle,1
Alessandro,1
Kendra,1
Richelle,1
Sherryl,1
Clifford,1
Socorro,1
Mathilda,1
Garrett,1
Kaylan,1
Milo,1
Bo,1
Renee,1
Milton,1
Stefan,1
London,1
Velda,1
Leesa,1
Tevin,1
Loren,1
Vivian,1
Kasandra,1
Bart,1
Edmund,1
Keara,1
Trudy,1
Emile,1
Kacie,1
Ward,1
Jewell,1
Hana,1
Pearlie,1
Odalys,1
Santo,1
Chadwick,1
Ryann,1
Fredy,1
Guy,1
Kenya,1
Ned,1
Alejandro,1
Bertram,1
Ewald,1
Rosaura,1
Josefa,1
Larissa,1
Gavin,1
Heather,1
Lincoln,1
Lars,1
Jayde,1
Augustus,1
Moises,1
Barron,1
Loyd,1
Jeanna,1
Lenna,1
Kathrine,1
Nilsa,1
Phoebe,1
Kennedy,1
Rachel,1
Maida,1
Myrle,1
Garnet,1
Dax,1
Karlie,1
Marina,1
Santos,1
Maverick,1
Conrad,1
Grayson,1
Paul,1
Adam,1
Remington,1
Starla,1
Selma,1
Suzanne,1
Davin,1
Raven,1
Nyasia,1
Llewellyn,1
Meghann,1
Marquis,1
Kaila,1
Maximillia,1
Lewis,1
Cody,1
Marlyn,1
Linette,1
Kaitlyn,1
Bienvenido,1
Lilla,1
Summer,1
Stuart,1
Sunshine,1
Elwin,1
Tanya,1
Miles,1
Quinn,1
Heaven,1
Peyton,1
Tatyana,1
Tonja,1
Perla,1
Skyler,1
Shaina,1
Titus,1
Erick,1
Dane,1
Alpha,1
Aidan,1
Kiana,1
Delmer,1
Porter,1
Stefani,1
Patrica,1
Urban,1
Luigi,1
Cullen,1
Cristopher,1
Van,1
Edward,1
Nathaniel,1
Mollie,1
Abram,1
Noreen,1
Emilio,1
Nikki,1
Ida,1
Katharina,1
Ruthie,1
Twyla,1
Ginger,1
Rachelle,1
Adrien,1
Glynn,1
Verona,1
Teagan,1
Berry,1
Mitch,1
Phillip,1
Gaylon,1
Dereck,1
Margaretta,1
Merlin,1
Stanley,1
Teresa,1
Efren,1
Lawanda,1
Braulio,1
Alphonse,1
Claud,1
Edmond,1
Reinaldo,1
Wilber,1
Oneal,1
Thad,1
Jeanette,1
Laverne,1
Juliette,1
Kaylen,1
Shelley,1
Toby,1
Leanna,1
Tarik,1
Fletcher,1
Ahmad,1
Bernie,1
Lessie,1
Pura,1
Rylan,1
Kelly,1
Doyle,1
Lissa,1
Brien,1
Dennis,1
Troy,1
Savion,1
Logan,1
Lelah,1
Nydia,1
Gaynell,1
Shamar,1
Tyrel,1
Webster,1
Basil,1
Allan,1
Greggory,1
Venessa,1
Leonora,1
Rosalina,1
Garry,1
Chase,1
Rae,1
Santa,1
Brennen,1
Durwood,1
Pansy,1
Vaughn,1
Raina,1
Latasha,1
Gerold,1
Jana,1
Felipa,1
Allen,1
Denzil,1
Shaniqua,1
Alfredo,1
Skylar,1
Wyman,1
Mack,1
Verlin,1
Obie,1
Shemar,1
Vern,1
Lyle,1
Zechariah,1
Katharine,1
Theda,1
Myron,1
Camren,1
Raymundo,1
Leonore,1
Fannie,1
Ramonita,1
Rickey,1
Shana,1
Butch,1
Tracy,1
Shiela,1
Ivonne,1
Lea,1
Lottie,1
Greyson,1
Ina,1
Billie,1
Leota,1
Lise,1
Nicolette,1
Davonte,1
Magnolia,1
Brown,1
Alexandrer,1
Emma,1
Katia,1
Trena,1
Zona,1
Joana,1
Lara,1
Mikel,1
Edd,1
Joan,1
Jasmine,1
Kaylee,1
Chad,1
Jimmie,1
Siobhan,1
Yulissa,1
Odis,1
Gage,1
Blane,1
Michelina,1
Rocky,1
Trina,1
Olene,1
Marisol,1
Zaire,1
Fran,1
Nelly,1
Opal,1
Efrain,1
Janel,1
Brian,1
Woodrow,1
Heidi,1
Karon,1
Caleb,1
Candelario,1
Cornell,1
Norwood,1
Nita,1
Vesta,1
Elmer,1
Trista,1
Emmanuel,1
Louisa,1
August,1
Ole,1
Kalyn,1
Rosina,1
Burl,1
Monroe,1
Tess,1
Geo,1
Oakley,1
Warner,1
Mattie,1
Dean,1
Scott,1
Worth,1
Brandy,1
Roseanna,1
Oma,1
Bernice,1
Dwain,1
Olaf,1
Gena,1
Lovie,1
Fernand,1
Martin,1
Gerardo,1
Haylee,1
Daren,1
Green,1
Kori,1
Shelia,1
Lizabeth,1
Shayna,1
Tanner,1
Helene,1
Sarai,1
Kay,1
Lacey,1
Deshaun,1
Lana,1
Mandi,1
Marcelina,1
Frederick,1
Kelsey,1
Amy,1
Terrill,1
Jonnie,1
Genesis,1
Mellissa,1
Bartholome,1
Travis,1
Wanita,1
Broderick,1
Garold,1
Dwaine,1
Elizabeth,1
Ramona,1
Octavio,1
Dedrick,1
Tiffany,1
Lynwood,1
Spenser,1
Kathleen,1
Douglass,1
Brady,1
Kristie,1
Mellisa,1
Gaven,1
Talon,1
Barrett,1
Leatrice,1
Gregorio,1
Margarito,1
Franz,1
Lulu,1
Parker,1
Americo,1
Jewel,1
Sybil,1
Ryder,1
Marlin,1
Fallon,1
Nickolas,1
Bishop,1
Randell,1
Jacquelyn,1
Roxanne,1
Reina,1
Hermine,1
Trae,1
Claudio,1
Yosef,1
Arley,1
Tatiana,1
Georgene,1
Beau,1
Omar,1
Uriel,1
Kameron,1
Maymie,1
Bronson,1
Shirlee,1
Anna,1
Orland,1
Nicklaus,1
Lonzo,1
Barton,1
Jodi,1
John,1
Cruz,1
Marcos,1
Keishla,1
Queenie,1
Zachery,1
Guido,1
Samuel,1
Philomena,1
Carmine,1
Viviana,1
Zetta,1
Rosanne,1
Ronda,1
Darrien,1
Nicki,1
Draven,1
Rowland,1
Tyriq,1
Gladyce,1
Racheal,1
Sylvia,1
Makala,1
Pamala,1
Dakotah,1
Laurette,1
Kati,1
Kizzy,1
Tyree,1
Maury,1
Savana,1
Donovan,1
Kenia,1
Kisha,1
Epifanio,1
Arturo,1
Lera,1
Marilee,1
Merry,1
Phyllis,1
Suzann,1
Hilda,1
Lucienne,1
Nan,1
Braxton,1
Chet,1
Willa,1
Arvil,1
Otha,1
Merrill,1
Shellie,1
Mamie,1
Stephan,1
Ofelia,1
Dion,1
Edwin,1
Garth,1
Monty,1
Ramsey,1
Reino,1
Garnett,1
Jailene,1
Nadine,1
Reilly,1
Valorie,1
Chaz,1
Jayla,1
Rodolfo,1
Sharla,1
Tucker,1
Marcie,1
Nash,1
Davie,1
Lesly,1
Suellen,1
Stacia,1
Angel,1
Finley,1
Refugio,1
Luke,1
Wilmer,1
Cortney,1
Sheena,1
Quentin,1
Lourdes,1
Jayne,1
Michelle,1
Pernell,1
Robbie,1
Makayla,1
Thea,1
Veronica,1
Sandy,1
Karyn,1
Lydia,1
Armand,1
Shelba,1
Dangelo,1
Gregg,1
Keesha,1
Vicki,1
Liz,1
Hayley,1
Jordan,1
Judie,1
Theresia,1
Talmadge,1
Paulette,1
Neoma,1
Maximino,1
Jada,1
Fernanda,1
Kayley,1
Andrea,1
Nellie,1
Christophe,1
Lissette,1
Yasmin,1
Maddison,1
Gertie,1
Jann,1
Adolphus,1
Asher,1
Maya,1
Joretta,1
Rey,1
Imelda,1
Benjamin,1
Tristin,1
Oswald,1
Lorrie,1
Trudie,1
Kortney,1
Dempsey,1
Loraine,1
Teddy,1
Adolf,1
Braiden,1
Samir,1
Marita,1
Katina,1
Janna,1
Millard,1
Tania,1
Solon,1
Clovis,1
Caesar,1
Conner,1
Monte,1
Ritchie,1
Madie,1
Nona,1
Marlee,1
Arlie,1
Landon,1
Dejuan,1
Dimitri,1
Alf,1
Rufus,1
Dylan,1
Eddie,1
Terrie,1
Clinton,1
Spring,1
Sofia,1
Jo,1
Magnus,1
Emmett,1
Diego,1
Montgomery,1
Cecilio,1
Sherrie,1
Piper,1
Sixto,1
Leeann,1
Mindy,1
Lucien,1
Seth,1
Jazmyne,1
Joanne,1
Mariel,1
Maynard,1
Johanna,1
Patrice,1
Hortencia,1
Grant,1
Drake,1
Saundra,1
Haylie,1
Leigh,1
Latricia,1
Reginal,1
Waldo,1
Kathy,1
Marge,1
Leann,1
Meta,1
Rosalie,1
Leif,1
Gustavo,1
Tammi,1
Ruben,1
Jerrica,1
Machelle,1
Willard,1
Katherine,1
Cedrick,1
Precious,1
Ronna,1
Friedrich,1
Magdalena,1
Marc,1
Roland,1
Shelli,1
Racquel,1
Destin,1
Raymon,1
Damian,1
Marques,1
Jamila,1
Wilbur,1
Lakesha,1
Kiarra,1
Malvina,1
Fernando,1
Mickey,1
Shamika,1
Nannie,1
Anselmo,1
Curt,1
Sigmund,1
Laureen,1
Eric,1
Leland,1
Lucile,1
Silvio,1
Kiley,1
Mozella,1
Jenna,1
Vivien,1
Elroy,1
Monika,1
Shelva,1
Rosann,1
Justine,1
Mekhi,1
Carleton,1
Devontae,1
Harlene,1
Marcy,1
Miranda,1
Weston,1
Cortez,1
Giovanna,1
Merilyn,1
Jennifer,1
Palma,1
Brooks,1
Danial,1
Ileana,1
Moe,1
Kathryne,1
Benny,1
Joey,1
Arlo,1
Dana,1
Madalyn,1
Olan,1
Margie,1
Rowena,1
Sal,1
Leone,1
Bob,1
Glynda,1
Janette,1
Shante,1
Laci,1
Lu,1
Skyla,1
Audie,1
Solomon,1
Meaghan,1
Felicity,1
Maurice,1
Donta,1
Eugene,1
Lashawn,1
Rhiannon,1
Suzy,1
Alois,1
Charley,1
Courtney,1
Marisela,1
Tristen,1
Eusebio,1
Faye,1
Kailyn,1
Tawny,1
Adrain,1
Ezekiel,1
Pedro,1
Otis,1
Georgine,1
Kyle,1
Soledad,1
Sister,1
Earlie,1
Davis,1
Twila,1
Sean,1
Vada,1
Rosie,1
Crawford,1
Stevie,1
Teodoro,1
Winona,1
Tyreke,1
Mildred,1
Abner,1
Glendon,1
Georgia,1
Mac,1
Harley,1
Morris,1
Tyrese,1
Meagan,1
Nataly,1
Leilani,1
Rafaela,1
Filomena,1
Rasheed,1
Wilton,1
Kenyatta,1
Payton,1
Reid,1
Olin,1
Moriah,1
Vonda,1
Leopoldo,1
Retta,1
Salina,1
Hailey,1
Mabel,1
Micheal,1
Darrin,1
Alphonso,1
Arnoldo,1
Susan,1
Dirk,1
Nila,1
Leatha,1
Declan,1
Colt,1
Regina,1
Gardner,1
Tammy,1
Libby,1
Merritt,1
Regan,1
Kirstin,1
Jazmyn,1
Orvil,1
Faith,1
Karie,1
Virginia,1
Karin,1
Lisette,1
Tillman,1
Pauletta,1
Mortimer,1
Roberta,1
Salvador,1
Marcela,1
Wava,1
Tricia,1
Rollie,1
Karlee,1
Kristen,1
Eladio,1
Emerson,1
Isabela,1
Cole,1
Bernardo,1
Moshe,1
Minerva,1
Jaden,1
Fortunato,1
Zackary,1
Jaiden,1
Erin,1
Kecia,1
Enoch,1
Wilford,1
Winfred,1
Jacque,1
Mammie,1
Stephanie,1
Sol,1
Nicholaus,1
Orval,1
Alfred,1
Barbara,1
Kim,1
Markus,1
Jaimie,1
Jessika,1
Columbus,1
Gaston,1
Brenton,1
Lisha,1
Marylou,1
Vilma,1
Dillan,1
Mayme,1
Dawson,1
Codey,1
Sherron,1
Gina,1
Liana,1
Savannah,1
Jessica,1
Meghan,1
Lew,1
Ruth,1
Tory,1
Rogers,1
Casimer,1
Jessenia,1
Mark,1
Roswell,1
Madaline,1
Sondra,1
Malachi,1
Romeo,1
Therese,1
Gerald,1
Gertrude,1
Dock,1
Neal,1
Tianna,1
Stormy,1
Tavon,1
Woody,1
Kaylin,1
Antoine,1
Syed,1
Xander,1
Sarina,1
Zola,1
Cleve,1
Pietro,1
Macey,1
Dan,1
Reginald,1
Billy,1
Francheska,1
Bert,1
Mellie,1
Retha,1
Chaim,1
Gerard,1
Sigurd,1
Darwin,1
Pascual,1
Dante,1
Laurel,1
Serenity,1
Sarah,1
Jody,1
Verner,1
Paola,1
Alexis,1
Pasquale,1
Rosendo,1
Maybelle,1
Justina,1
Trent,1
Randal,1
Gilberto,1
Jamie,1
Jenelle,1
Merle,1
Leander,1
Linwood,1
Georgie,1
Julissa,1
Shae,1
Archibald,1
Tamiko,1
Tyrique,1
Lazaro,1
Lena,1
Sedrick,1
Kevin,1
Gene,1
Dudley,1
Alec,1
Francesca,1
Miguel,1
Early,1
Lawson,1
Vernie,1
Jayme,1
Clarence,1
Justice,1
Lavern,1
Molly,1
Bobby,1
Jaycee,1
Orion,1
Nelle,1
Vincent,1
Karrie,1
Kathryn,1
Jessie,1
Guillermin,1
Diamond,1
Wallace,1
Lorelei,1
Hellen,1
Ivana,1
Liliana,1
Pinkie,1
Tanesha,1
Jeraldine,1
Trinidad,1
Wiley,1
Staci,1
Paloma,1
Deonte,1
Guiseppe,1
Shonda,1
Claudie,1
Oren,1
Helga,1
Myrtice,1
Queen,1
Kendal,1
Teri,1
Nannette,1
Aiden,1
Thurston,1
Claude,1
Zane,1
Dominique,1
Loy,1
Halie,1
Joselyn,1
Natalia,1
Rita,1
Nick,1
Marlene,1
Keely,1
Nia,1
Rubie,1
Craig,1
Vito,1
Madisen,1
Kandace,1
Loyal,1
Verne,1
Tiara,1
Lyn,1
Murray,1
Jaunita,1
Oleta,1
Verdie,1
Elvis,1
Dillon,1
Dallas,1
Dennie,1
Nelson,1
Daniel,1
Freda,1
Carlyle,1
Kaleigh,1
Violet,1
Dontae,1
Lesa,1
Emiliano,1
Velma,1
Nikita,1
Codie,1
Grayce,1
Tyrek,1
Laura,1
Rashawn,1
Tommie,1
Margarita,1
Colin,1
Fae,1
Mike,1
Journey,1
Brett,1
Portia,1
Hilary,1
Gregoria,1
Dewey,1
Elisha,1
Raynard,1
Yanira,1
Jaime,1
Orin,1
Wilhelmine,1
Raymond,1
Marcia,1
Gordon,1
Eliezer,1
Joycelyn,1
Wynona,1
Anastacio,1
Fanny,1
Lindsey,1
Kylee,1
Cary,1
Dell,1
Amos,1
Kandy,1
Marsha,1
Toney,1
Sherita,1
Lilia,1
Johnie,1
Leonard,1
Yahaira,1
Malcolm,1
Rupert,1
Gladys,1
Kerry,1
Rock,1
Felicita,1
Tami,1
Thaddeus,1
Patty,1
Vivienne,1
Marian,1
Glinda,1
Rena,1
Isis,1
Aditya,1
Kassie,1
Shanta,1
Golden,1
Pearle,1
Jodie,1
Harmony,1
Tiffani,1
Mathew,1
Dino,1
Sebastian,1
Maurine,1
Janeen,1
Milagros,1
Jaida,1
Garett,1
Sheron,1
Juliet,1
Lilly,1
Ferdinand,1
Mariana,1
Marty,1
Karla,1
Prince,1
Donnell,1
River,1
Keeley,1
Zulma,1
Malcom,1
Pennie,1
Kristi,1
Onie,1
Marshall,1
Jeane,1
Marva,1
Rashad,1
Casper,1
Maira,1
Arvid,1
Noelia,1
Sherwin,1
Nettie,1
Connor,1
Jerilyn,1
Peggie,1
Pete,1
Domingo,1
Laddie,1
Golda,1
Donato,1
Melba,1
Rosemary,1
Keri,1
Margarete,1
Daryle,1
Wilfredo,1
Del,1
Tavares,1
Grover,1
Lia,1
Chesley,1
Eliot,1
Letitia,1
Yaritza,1
Miguelangel,1
Vicenta,1
Joy,1
Washington,1
Yessenia,1
Carlos,1
Maud,1
Andreas,1
Mitchel,1
Brayan,1
Helena,1
Reyna,1
Ronnie,1
Leona,1
Fermin,1
Orrin,1
Alan,1
Tobin,1
Hadley,1
Rickie,1
Dominik,1
Donell,1
Phylis,1
Trever,1
Nils,1
Patrick,1
Maria,1
Gail,1
Erling,1
Rand,1
Amir,1
Lonnie,1
Margy,1
Ivelisse,1
Scotty,1
Lorne,1
Stone,1
Esteban,1
Carmelo,1
Noemi,1
Dolores,1
Hailee,1
Gayla,1
Vladimir,1
Tylor,1
Marcelo,1
Florene,1
Garfield,1
Patsy,1
Davon,1
Leeroy,1
Vincenzo,1
Markel,1
Kerrie,1
Carter,1
Patricia,1
Wm,1
Shauna,1
Reggie,1
Nicolle,1
Geri,1
Ronaldo,1
Mikaela,1
Kathlyn,1
Moira,1
Arther,1
Glenn,1
Karol,1
Latisha,1
Melva,1
Niles,1
Zigmund,1
Shara,1
Lamont,1
Vergie,1
Antwan,1
Jackie,1
Laquita,1
Carl,1
Conor,1
Rikki,1
Miriam,1
Giuseppe,1
Burnell,1
Nicolas,1
Mallory,1
Yasmine,1
Marvel,1
Terrance,1
Ronny,1
Ira,1
Dionisio,1
Peter,1
Dionte,1
Yolanda,1
Francisca,1
Joni,1
Theron,1
Sergio,1
Skye,1
Vernell,1
Leroy,1
Joetta,1
Karley,1
Dusty,1
Berton,1
Vance,1
Maxwell,1
Bryon,1
Miya,1
Kiersten,1
Duncan,1
Stefanie,1
Denton,1
Zakary,1
Addison,1
Grady,1
Waylon,1
Princess,1
Reva,1
Geraldine,1
Gary,1
Trystan,1
Melisa,1
Buford,1
Tennie,1
Earnest,1
Sydney,1
Rosetta,1
Flo,1
Kaitlynn,1
Cliff,1
Fritz,1
Lenore,1
Maranda,1
Melina,1
Alvah,1
Elwood,1
Odalis,1
Sonny,1
Ashley,1
Werner,1
Tiera,1
Delano,1
Teresita,1
Toni,1
Dominic,1
Milburn,1
Gigi,1
Coby,1
Max,1
Tyesha,1
Michele,1
Natalie,1
Kelcie,1
Zoe,1
Hanna,1
Joshua,1
Tonia,1
Sallie,1
Nedra,1
Arman,1
Otho,1
Toy,1
Valentina,1
Marilynn,1
Adolph,1
Enrique,1
Laron,1
Karissa,1
Lona,1
Minnie,1
Ola,1
Selmer,1
Wade,1
Wes,1
Vikki,1
Rahsaan,1
Ramon,1
Erasmo,1
Lakeshia,1
Connie,1
Corbin,1
Nautica,1
Curtis,1
Mose,1
Shelly,1
Traci,1
Marquise,1
Kiara,1
Marcial,1
Ireland,1
Chance,1
Semaj,1
Darren,1
Anton,1
Magdalen,1
Donavan,1
Shakira,1
Natividad,1
Thomas,1
Amari,1
Paige,1
Stanton,1
Rhea,1
Art,1
Joelle,1
Kaela,1
Deshawn,1
Darrian,1
Janae,1
Yazmin,1
Philip,1
Lucille,1
Deangelo,1
Bridger,1
Ross,1
Alfonzo,1
Glenda,1
Lauryn,1
Sophie,1
Sherie,1
Maryjane,1
Zora,1
Valentin,1
Willian,1
Madisyn,1
Valarie,1
Ayden,1
Devan,1
Hollie,1
Shanice,1
Dorris,1
Rosalind,1
Abdul,1
Alma,1
Donal,1
Raphael,1
Hope,1
Garrison,1
Jacqueline,1
Madeleine,1
Reagan,1
Mariam,1
Salome,1
Judi,1
Derick,1
Melonie,1
Domenic,1
Glennie,1
Trevor,1
Melvina,1
Shianne,1
Ludwig,1
Gaylord,1
Lauren,1
Russel,1
Franklyn,1
Maribeth,1
Bryson,1
Sally,1
Shyann,1
Rod,1
Wilburn,1
Lucie,1
Nichole,1
Merlyn,1
Janie,1
Tate,1
Eldon,1
Kaye,1
Mervin,1
Fiona,1
Abdiel,1
Cameron,1
Ali,1
Buddie,1
Colton,1
Tom,1
Tatyanna,1
Marjorie,1
Yolonda,1
Tamara,1
Florida,1
